{
    "train": {
        "loss": 5.188772678375244,
        "accuracy": 0.9848333597183228
    },
    "val": {
        "loss": 13.989791870117188,
        "accuracy": 0.9708333611488342
    },
    "test": {
        "loss": 14.162256240844727,
        "accuracy": 0.9717000126838684
    }
}