{
    "train": {
        "loss": 1.9192675352096558,
        "accuracy": 0.9950416684150696
    },
    "val": {
        "loss": 12.23681640625,
        "accuracy": 0.9864166378974915
    },
    "test": {
        "loss": 10.316648483276367,
        "accuracy": 0.98580002784729
    }
}