{
    "train": {
        "loss": 6.449658393859863,
        "accuracy": 0.9818124771118164
    },
    "val": {
        "loss": 14.286436080932617,
        "accuracy": 0.9698333144187927
    },
    "test": {
        "loss": 14.303393363952637,
        "accuracy": 0.9702000021934509
    }
}