{
    "train": {
        "loss": 4.232699394226074,
        "accuracy": 0.9870208501815796
    },
    "val": {
        "loss": 13.97188663482666,
        "accuracy": 0.9715833067893982
    },
    "test": {
        "loss": 14.300477027893066,
        "accuracy": 0.9729999899864197
    }
}