{
    "train": {
        "loss": 2.86765718460083,
        "accuracy": 0.9899166822433472
    },
    "val": {
        "loss": 14.268758773803711,
        "accuracy": 0.9732499718666077
    },
    "test": {
        "loss": 15.130967140197754,
        "accuracy": 0.973800003528595
    }
}